,species,chemical,log conc (mol/L)
0,https://cfpub.epa.gov/ecotox/taxon/1,https://cfpub.epa.gov/ecotox/cas/10025919,3.1131939224713356
1,https://cfpub.epa.gov/ecotox/taxon/1,https://cfpub.epa.gov/ecotox/cas/10099748,4.947391735704052
2,https://cfpub.epa.gov/ecotox/taxon/1,https://cfpub.epa.gov/ecotox/cas/12125018,1.0077235852549036
3,https://cfpub.epa.gov/ecotox/taxon/1,https://cfpub.epa.gov/ecotox/cas/13762511,1.7324259285931696
4,https://cfpub.epa.gov/ecotox/taxon/1,https://cfpub.epa.gov/ecotox/cas/5329146,2.139740289110004
5,https://cfpub.epa.gov/ecotox/taxon/1,https://cfpub.epa.gov/ecotox/cas/540727,1.9082973202140838
6,https://cfpub.epa.gov/ecotox/taxon/1,https://cfpub.epa.gov/ecotox/cas/592858,4.326227956757489
7,https://cfpub.epa.gov/ecotox/taxon/1,https://cfpub.epa.gov/ecotox/cas/7446084,4.571733479940816
8,https://cfpub.epa.gov/ecotox/taxon/1,https://cfpub.epa.gov/ecotox/cas/7447394,5.799139551361733
9,https://cfpub.epa.gov/ecotox/taxon/1,https://cfpub.epa.gov/ecotox/cas/7487947,4.8296644781931395
10,https://cfpub.epa.gov/ecotox/taxon/1,https://cfpub.epa.gov/ecotox/cas/7601890,1.9505855186631282
11,https://cfpub.epa.gov/ecotox/taxon/1,https://cfpub.epa.gov/ecotox/cas/7632000,2.8387400187738865
12,https://cfpub.epa.gov/ecotox/taxon/1,https://cfpub.epa.gov/ecotox/cas/7646799,3.110155198525231
13,https://cfpub.epa.gov/ecotox/taxon/1,https://cfpub.epa.gov/ecotox/cas/7646857,2.3196575397259975
14,https://cfpub.epa.gov/ecotox/taxon/1,https://cfpub.epa.gov/ecotox/cas/7647145,1.1525671784139189
15,https://cfpub.epa.gov/ecotox/taxon/1,https://cfpub.epa.gov/ecotox/cas/7681529,3.4835356631264007
16,https://cfpub.epa.gov/ecotox/taxon/1,https://cfpub.epa.gov/ecotox/cas/7718549,3.3057488585185513
17,https://cfpub.epa.gov/ecotox/taxon/1,https://cfpub.epa.gov/ecotox/cas/7733020,3.9733475868847714
18,https://cfpub.epa.gov/ecotox/taxon/1,https://cfpub.epa.gov/ecotox/cas/7758023,3.071447657634495
19,https://cfpub.epa.gov/ecotox/taxon/1,https://cfpub.epa.gov/ecotox/cas/7758987,5.62014848485328
20,https://cfpub.epa.gov/ecotox/taxon/1,https://cfpub.epa.gov/ecotox/cas/7761888,3.866297260162148
21,https://cfpub.epa.gov/ecotox/taxon/1,https://cfpub.epa.gov/ecotox/cas/7778509,3.3174968804505403
22,https://cfpub.epa.gov/ecotox/taxon/1,https://cfpub.epa.gov/ecotox/cas/7783202,3.1206397284155662
23,https://cfpub.epa.gov/ecotox/taxon/1,https://cfpub.epa.gov/ecotox/cas/7787475,2.897352134344313
24,https://cfpub.epa.gov/ecotox/taxon/1,https://cfpub.epa.gov/ecotox/cas/7789437,2.3766682850696834
25,https://cfpub.epa.gov/ecotox/taxon/1009,https://cfpub.epa.gov/ecotox/cas/7487947,3.8489978836428005
26,https://cfpub.epa.gov/ecotox/taxon/1025,https://cfpub.epa.gov/ecotox/cas/7758987,1.8374599847253952
27,https://cfpub.epa.gov/ecotox/taxon/10472,https://cfpub.epa.gov/ecotox/cas/168316958,2.49874518555487
28,https://cfpub.epa.gov/ecotox/taxon/106,https://cfpub.epa.gov/ecotox/cas/12125029,2.141316808973043
29,https://cfpub.epa.gov/ecotox/taxon/106,https://cfpub.epa.gov/ecotox/cas/85007,3.8289061972623815
30,https://cfpub.epa.gov/ecotox/taxon/1075,https://cfpub.epa.gov/ecotox/cas/7487947,3.2577524378088025
31,https://cfpub.epa.gov/ecotox/taxon/10828,https://cfpub.epa.gov/ecotox/cas/7647145,0.31127306816536543
32,https://cfpub.epa.gov/ecotox/taxon/109,https://cfpub.epa.gov/ecotox/cas/10102188,3.5681542712437277
33,https://cfpub.epa.gov/ecotox/taxon/109,https://cfpub.epa.gov/ecotox/cas/13463677,2.637365371771777
34,https://cfpub.epa.gov/ecotox/taxon/109,https://cfpub.epa.gov/ecotox/cas/7761888,6.905394926695135
35,https://cfpub.epa.gov/ecotox/taxon/1091,https://cfpub.epa.gov/ecotox/cas/6484522,0.7703735972173448
36,https://cfpub.epa.gov/ecotox/taxon/1091,https://cfpub.epa.gov/ecotox/cas/7758987,3.218800731577971
37,https://cfpub.epa.gov/ecotox/taxon/1092,https://cfpub.epa.gov/ecotox/cas/7733020,0.5320684200234873
38,https://cfpub.epa.gov/ecotox/taxon/1092,https://cfpub.epa.gov/ecotox/cas/7758987,6.657003920267264
39,https://cfpub.epa.gov/ecotox/taxon/11,https://cfpub.epa.gov/ecotox/cas/17599814,4.394437937478998
40,https://cfpub.epa.gov/ecotox/taxon/11,https://cfpub.epa.gov/ecotox/cas/7783202,2.439398491039979
41,https://cfpub.epa.gov/ecotox/taxon/1146,https://cfpub.epa.gov/ecotox/cas/10043013,3.2619536601894903
42,https://cfpub.epa.gov/ecotox/taxon/1146,https://cfpub.epa.gov/ecotox/cas/10108642,3.759292395368194
43,https://cfpub.epa.gov/ecotox/taxon/1146,https://cfpub.epa.gov/ecotox/cas/7646799,2.8746267516176824
44,https://cfpub.epa.gov/ecotox/taxon/1146,https://cfpub.epa.gov/ecotox/cas/7758987,3.75391393327532
45,https://cfpub.epa.gov/ecotox/taxon/1146,https://cfpub.epa.gov/ecotox/cas/7785877,1.5916233407947131
46,https://cfpub.epa.gov/ecotox/taxon/11531,https://cfpub.epa.gov/ecotox/cas/168316958,6.526897551713074
47,https://cfpub.epa.gov/ecotox/taxon/11545,https://cfpub.epa.gov/ecotox/cas/7632000,2.3177122861330015
48,https://cfpub.epa.gov/ecotox/taxon/11739,https://cfpub.epa.gov/ecotox/cas/10325947,2.647191314443387
49,https://cfpub.epa.gov/ecotox/taxon/11739,https://cfpub.epa.gov/ecotox/cas/7487947,4.434421985464454
50,https://cfpub.epa.gov/ecotox/taxon/11739,https://cfpub.epa.gov/ecotox/cas/7646857,2.42357381899486
51,https://cfpub.epa.gov/ecotox/taxon/11739,https://cfpub.epa.gov/ecotox/cas/7758987,4.510966343761736
52,https://cfpub.epa.gov/ecotox/taxon/11779,https://cfpub.epa.gov/ecotox/cas/10043353,0.6207533503323119
53,https://cfpub.epa.gov/ecotox/taxon/11779,https://cfpub.epa.gov/ecotox/cas/7632000,2.9741576239275016
54,https://cfpub.epa.gov/ecotox/taxon/11783,https://cfpub.epa.gov/ecotox/cas/7733020,5.367286054698598
55,https://cfpub.epa.gov/ecotox/taxon/1186,https://cfpub.epa.gov/ecotox/cas/7646799,2.8573021675453383
56,https://cfpub.epa.gov/ecotox/taxon/1194,https://cfpub.epa.gov/ecotox/cas/10108642,2.643366782171917
57,https://cfpub.epa.gov/ecotox/taxon/1194,https://cfpub.epa.gov/ecotox/cas/7447394,5.837859820185295
58,https://cfpub.epa.gov/ecotox/taxon/127,https://cfpub.epa.gov/ecotox/cas/7647145,0.4712234782406924
59,https://cfpub.epa.gov/ecotox/taxon/127,https://cfpub.epa.gov/ecotox/cas/7722647,4.612151020631289
60,https://cfpub.epa.gov/ecotox/taxon/127,https://cfpub.epa.gov/ecotox/cas/7758987,4.746080117147617
61,https://cfpub.epa.gov/ecotox/taxon/127,https://cfpub.epa.gov/ecotox/cas/85007,4.046236888114031
62,https://cfpub.epa.gov/ecotox/taxon/1270,https://cfpub.epa.gov/ecotox/cas/7632000,2.8387400187738865
63,https://cfpub.epa.gov/ecotox/taxon/1270,https://cfpub.epa.gov/ecotox/cas/7646799,3.110155198525231
64,https://cfpub.epa.gov/ecotox/taxon/1270,https://cfpub.epa.gov/ecotox/cas/7681529,3.3638116906275664
65,https://cfpub.epa.gov/ecotox/taxon/1270,https://cfpub.epa.gov/ecotox/cas/7718549,3.1692482224866825
66,https://cfpub.epa.gov/ecotox/taxon/1270,https://cfpub.epa.gov/ecotox/cas/7733020,3.4634338187688014
67,https://cfpub.epa.gov/ecotox/taxon/1270,https://cfpub.epa.gov/ecotox/cas/7758023,3.071447657634495
68,https://cfpub.epa.gov/ecotox/taxon/1270,https://cfpub.epa.gov/ecotox/cas/7758987,3.6959219862976336
69,https://cfpub.epa.gov/ecotox/taxon/1270,https://cfpub.epa.gov/ecotox/cas/7778509,4.2919206192268495
70,https://cfpub.epa.gov/ecotox/taxon/1270,https://cfpub.epa.gov/ecotox/cas/7783202,3.1206397284155662
71,https://cfpub.epa.gov/ecotox/taxon/1270,https://cfpub.epa.gov/ecotox/cas/7787475,2.897352134344313
72,https://cfpub.epa.gov/ecotox/taxon/1292,https://cfpub.epa.gov/ecotox/cas/10108642,6.2644423736881
73,https://cfpub.epa.gov/ecotox/taxon/1292,https://cfpub.epa.gov/ecotox/cas/7646857,6.047492284778892
74,https://cfpub.epa.gov/ecotox/taxon/1292,https://cfpub.epa.gov/ecotox/cas/7758954,6.744940420705477
75,https://cfpub.epa.gov/ecotox/taxon/13,https://cfpub.epa.gov/ecotox/cas/17599814,4.6470129266389515
76,https://cfpub.epa.gov/ecotox/taxon/13,https://cfpub.epa.gov/ecotox/cas/7783202,2.8196097327515854
77,https://cfpub.epa.gov/ecotox/taxon/134,https://cfpub.epa.gov/ecotox/cas/7758987,3.0930550257082023
78,https://cfpub.epa.gov/ecotox/taxon/1350,https://cfpub.epa.gov/ecotox/cas/10102188,2.783886096050402
79,https://cfpub.epa.gov/ecotox/taxon/1350,https://cfpub.epa.gov/ecotox/cas/7487947,5.328911800694481
80,https://cfpub.epa.gov/ecotox/taxon/14,https://cfpub.epa.gov/ecotox/cas/10049044,0.9968032607288566
81,https://cfpub.epa.gov/ecotox/taxon/142,https://cfpub.epa.gov/ecotox/cas/12125029,1.1029182831121431
82,https://cfpub.epa.gov/ecotox/taxon/142,https://cfpub.epa.gov/ecotox/cas/1313275,2.991436716016488
83,https://cfpub.epa.gov/ecotox/taxon/142,https://cfpub.epa.gov/ecotox/cas/7705080,3.1717477585293627
84,https://cfpub.epa.gov/ecotox/taxon/1495,https://cfpub.epa.gov/ecotox/cas/151508,4.867717184045152
85,https://cfpub.epa.gov/ecotox/taxon/152,https://cfpub.epa.gov/ecotox/cas/7447407,5.686629861320303
86,https://cfpub.epa.gov/ecotox/taxon/152,https://cfpub.epa.gov/ecotox/cas/7757791,1.7063544162455044
87,https://cfpub.epa.gov/ecotox/taxon/157,https://cfpub.epa.gov/ecotox/cas/153719234,6.41738612065825
88,https://cfpub.epa.gov/ecotox/taxon/16,https://cfpub.epa.gov/ecotox/cas/10108642,2.7163350810148974
89,https://cfpub.epa.gov/ecotox/taxon/16092,https://cfpub.epa.gov/ecotox/cas/7733020,3.397616534279158
90,https://cfpub.epa.gov/ecotox/taxon/16102,https://cfpub.epa.gov/ecotox/cas/7446700,1.9237527407962385
91,https://cfpub.epa.gov/ecotox/taxon/16102,https://cfpub.epa.gov/ecotox/cas/7779886,2.1836802835477016
92,https://cfpub.epa.gov/ecotox/taxon/16125,https://cfpub.epa.gov/ecotox/cas/7778509,2.84329039756124
93,https://cfpub.epa.gov/ecotox/taxon/16141,https://cfpub.epa.gov/ecotox/cas/168316958,5.090180825907571
94,https://cfpub.epa.gov/ecotox/taxon/16175,https://cfpub.epa.gov/ecotox/cas/168316958,3.607069207498721
95,https://cfpub.epa.gov/ecotox/taxon/1618,https://cfpub.epa.gov/ecotox/cas/7601890,1.2613626050671132
96,https://cfpub.epa.gov/ecotox/taxon/1618,https://cfpub.epa.gov/ecotox/cas/7758987,5.513881115592098
97,https://cfpub.epa.gov/ecotox/taxon/16290,https://cfpub.epa.gov/ecotox/cas/153719234,2.865131267083166
98,https://cfpub.epa.gov/ecotox/taxon/16358,https://cfpub.epa.gov/ecotox/cas/10108642,1.9988811767879253
99,https://cfpub.epa.gov/ecotox/taxon/16358,https://cfpub.epa.gov/ecotox/cas/7487947,3.2235706759911604
100,https://cfpub.epa.gov/ecotox/taxon/16358,https://cfpub.epa.gov/ecotox/cas/7758987,3.2500705189421746
101,https://cfpub.epa.gov/ecotox/taxon/16360,https://cfpub.epa.gov/ecotox/cas/10108642,2.0591284853731073
102,https://cfpub.epa.gov/ecotox/taxon/16360,https://cfpub.epa.gov/ecotox/cas/7487947,3.186559646465465
103,https://cfpub.epa.gov/ecotox/taxon/16360,https://cfpub.epa.gov/ecotox/cas/7758987,2.7625879809012472
104,https://cfpub.epa.gov/ecotox/taxon/16410,https://cfpub.epa.gov/ecotox/cas/10099748,-0.07701014728741909
105,https://cfpub.epa.gov/ecotox/taxon/16410,https://cfpub.epa.gov/ecotox/cas/10124364,1.3657989347672632
106,https://cfpub.epa.gov/ecotox/taxon/16410,https://cfpub.epa.gov/ecotox/cas/7758987,1.1922164006213267
107,https://cfpub.epa.gov/ecotox/taxon/16546,https://cfpub.epa.gov/ecotox/cas/7722647,2.9730205867773623
108,https://cfpub.epa.gov/ecotox/taxon/16546,https://cfpub.epa.gov/ecotox/cas/7722841,1.6864447391679418
109,https://cfpub.epa.gov/ecotox/taxon/16546,https://cfpub.epa.gov/ecotox/cas/7758987,3.723950709897877
110,https://cfpub.epa.gov/ecotox/taxon/1666,https://cfpub.epa.gov/ecotox/cas/7447394,2.3950633471718397
111,https://cfpub.epa.gov/ecotox/taxon/16704,https://cfpub.epa.gov/ecotox/cas/153719234,3.241205302698698
112,https://cfpub.epa.gov/ecotox/taxon/16705,https://cfpub.epa.gov/ecotox/cas/20427592,-0.9788557610613444
113,https://cfpub.epa.gov/ecotox/taxon/16735,https://cfpub.epa.gov/ecotox/cas/168316958,8.717817078459223
114,https://cfpub.epa.gov/ecotox/taxon/16766,https://cfpub.epa.gov/ecotox/cas/7803512,2.823870419152282
115,https://cfpub.epa.gov/ecotox/taxon/16769,https://cfpub.epa.gov/ecotox/cas/7447407,6.051597231493565
116,https://cfpub.epa.gov/ecotox/taxon/16837,https://cfpub.epa.gov/ecotox/cas/168316958,6.811427224954742
117,https://cfpub.epa.gov/ecotox/taxon/16839,https://cfpub.epa.gov/ecotox/cas/153719234,3.1274620399977517
118,https://cfpub.epa.gov/ecotox/taxon/16867,https://cfpub.epa.gov/ecotox/cas/168316958,7.650848132077308
119,https://cfpub.epa.gov/ecotox/taxon/1696,https://cfpub.epa.gov/ecotox/cas/7733020,4.925042907310217
120,https://cfpub.epa.gov/ecotox/taxon/170,https://cfpub.epa.gov/ecotox/cas/7447394,5.477355577336634
121,https://cfpub.epa.gov/ecotox/taxon/17047,https://cfpub.epa.gov/ecotox/cas/168316958,4.535893616375609
122,https://cfpub.epa.gov/ecotox/taxon/17068,https://cfpub.epa.gov/ecotox/cas/7487947,6.940588853001318
123,https://cfpub.epa.gov/ecotox/taxon/17111,https://cfpub.epa.gov/ecotox/cas/7647145,1.8508988271985978
124,https://cfpub.epa.gov/ecotox/taxon/17350,https://cfpub.epa.gov/ecotox/cas/168316958,3.6302859731624193
125,https://cfpub.epa.gov/ecotox/taxon/1747,https://cfpub.epa.gov/ecotox/cas/7647145,1.5469549814450203
126,https://cfpub.epa.gov/ecotox/taxon/17689,https://cfpub.epa.gov/ecotox/cas/168316958,2.7986639793796186
127,https://cfpub.epa.gov/ecotox/taxon/1770,https://cfpub.epa.gov/ecotox/cas/168316958,7.433130123651701
128,https://cfpub.epa.gov/ecotox/taxon/17715,https://cfpub.epa.gov/ecotox/cas/7647145,1.279775482113243
129,https://cfpub.epa.gov/ecotox/taxon/17784,https://cfpub.epa.gov/ecotox/cas/7733020,1.8338389009169922
130,https://cfpub.epa.gov/ecotox/taxon/17784,https://cfpub.epa.gov/ecotox/cas/7758987,2.9339002362145257
131,https://cfpub.epa.gov/ecotox/taxon/1787,https://cfpub.epa.gov/ecotox/cas/7446084,4.747824738996497
132,https://cfpub.epa.gov/ecotox/taxon/1787,https://cfpub.epa.gov/ecotox/cas/7487947,5.133391989800473
133,https://cfpub.epa.gov/ecotox/taxon/1789,https://cfpub.epa.gov/ecotox/cas/85007,3.585474927684953
134,https://cfpub.epa.gov/ecotox/taxon/1803,https://cfpub.epa.gov/ecotox/cas/7447407,5.982593499675076
135,https://cfpub.epa.gov/ecotox/taxon/18209,https://cfpub.epa.gov/ecotox/cas/7758987,5.239724802289324
136,https://cfpub.epa.gov/ecotox/taxon/18258,https://cfpub.epa.gov/ecotox/cas/7733020,4.089853155956209
137,https://cfpub.epa.gov/ecotox/taxon/18258,https://cfpub.epa.gov/ecotox/cas/7758987,5.953098698255733
138,https://cfpub.epa.gov/ecotox/taxon/18313,https://cfpub.epa.gov/ecotox/cas/7758987,5.9044067743560085
139,https://cfpub.epa.gov/ecotox/taxon/18314,https://cfpub.epa.gov/ecotox/cas/153719234,3.861861782518319
140,https://cfpub.epa.gov/ecotox/taxon/1836,https://cfpub.epa.gov/ecotox/cas/10108642,3.2483204186124395
141,https://cfpub.epa.gov/ecotox/taxon/1836,https://cfpub.epa.gov/ecotox/cas/7447394,7.001898104849921
142,https://cfpub.epa.gov/ecotox/taxon/18372,https://cfpub.epa.gov/ecotox/cas/153719234,4.083710532134675
143,https://cfpub.epa.gov/ecotox/taxon/18400,https://cfpub.epa.gov/ecotox/cas/10043013,4.071397268827034
144,https://cfpub.epa.gov/ecotox/taxon/18400,https://cfpub.epa.gov/ecotox/cas/10108642,4.419344333673843
145,https://cfpub.epa.gov/ecotox/taxon/18400,https://cfpub.epa.gov/ecotox/cas/7758987,3.6959219862976336
146,https://cfpub.epa.gov/ecotox/taxon/18400,https://cfpub.epa.gov/ecotox/cas/7785877,2.210644744544527
147,https://cfpub.epa.gov/ecotox/taxon/18447,https://cfpub.epa.gov/ecotox/cas/10102064,3.0726853656027404
148,https://cfpub.epa.gov/ecotox/taxon/18447,https://cfpub.epa.gov/ecotox/cas/7631950,1.856583081004804
149,https://cfpub.epa.gov/ecotox/taxon/18447,https://cfpub.epa.gov/ecotox/cas/7647145,-0.011309186825479323
150,https://cfpub.epa.gov/ecotox/taxon/18447,https://cfpub.epa.gov/ecotox/cas/7718549,2.029410948898376
151,https://cfpub.epa.gov/ecotox/taxon/18447,https://cfpub.epa.gov/ecotox/cas/7758954,4.922380083762785
152,https://cfpub.epa.gov/ecotox/taxon/18447,https://cfpub.epa.gov/ecotox/cas/7784465,3.2623547975773453
153,https://cfpub.epa.gov/ecotox/taxon/18595,https://cfpub.epa.gov/ecotox/cas/7632000,2.8387400187738865
154,https://cfpub.epa.gov/ecotox/taxon/18595,https://cfpub.epa.gov/ecotox/cas/7646799,3.7122151898531937
155,https://cfpub.epa.gov/ecotox/taxon/18595,https://cfpub.epa.gov/ecotox/cas/7681529,3.3638116906275664
156,https://cfpub.epa.gov/ecotox/taxon/18595,https://cfpub.epa.gov/ecotox/cas/7718549,3.6016288758626263
157,https://cfpub.epa.gov/ecotox/taxon/18595,https://cfpub.epa.gov/ecotox/cas/7733020,3.6986465299431392
158,https://cfpub.epa.gov/ecotox/taxon/18595,https://cfpub.epa.gov/ecotox/cas/7758023,3.071447657634495
159,https://cfpub.epa.gov/ecotox/taxon/18595,https://cfpub.epa.gov/ecotox/cas/7758987,3.6959219862976336
160,https://cfpub.epa.gov/ecotox/taxon/18595,https://cfpub.epa.gov/ecotox/cas/7778509,3.8659518869545684
161,https://cfpub.epa.gov/ecotox/taxon/18595,https://cfpub.epa.gov/ecotox/cas/7783202,3.1206397284155662
162,https://cfpub.epa.gov/ecotox/taxon/18595,https://cfpub.epa.gov/ecotox/cas/7787475,2.897352134344313
163,https://cfpub.epa.gov/ecotox/taxon/18717,https://cfpub.epa.gov/ecotox/cas/168316958,2.4758109863592823
164,https://cfpub.epa.gov/ecotox/taxon/1874,https://cfpub.epa.gov/ecotox/cas/10043353,2.4893216992733196
165,https://cfpub.epa.gov/ecotox/taxon/1874,https://cfpub.epa.gov/ecotox/cas/7758987,2.2625522394410473
166,https://cfpub.epa.gov/ecotox/taxon/18761,https://cfpub.epa.gov/ecotox/cas/7447407,5.861307860157467
167,https://cfpub.epa.gov/ecotox/taxon/18761,https://cfpub.epa.gov/ecotox/cas/7757791,1.840059635451187
168,https://cfpub.epa.gov/ecotox/taxon/18762,https://cfpub.epa.gov/ecotox/cas/7447407,5.870721508124264
169,https://cfpub.epa.gov/ecotox/taxon/18762,https://cfpub.epa.gov/ecotox/cas/7757791,1.7890063462915453
170,https://cfpub.epa.gov/ecotox/taxon/18924,https://cfpub.epa.gov/ecotox/cas/153719234,1.097741715857167
171,https://cfpub.epa.gov/ecotox/taxon/18950,https://cfpub.epa.gov/ecotox/cas/7758987,2.3628527427099137
172,https://cfpub.epa.gov/ecotox/taxon/1920,https://cfpub.epa.gov/ecotox/cas/7601890,1.345776378048415
173,https://cfpub.epa.gov/ecotox/taxon/1920,https://cfpub.epa.gov/ecotox/cas/7647145,0.2704582568763225
174,https://cfpub.epa.gov/ecotox/taxon/1920,https://cfpub.epa.gov/ecotox/cas/7758987,6.3559739246032825
175,https://cfpub.epa.gov/ecotox/taxon/1934,https://cfpub.epa.gov/ecotox/cas/7733020,5.572352739249873
176,https://cfpub.epa.gov/ecotox/taxon/19390,https://cfpub.epa.gov/ecotox/cas/7632000,2.465411245036072
177,https://cfpub.epa.gov/ecotox/taxon/19676,https://cfpub.epa.gov/ecotox/cas/153719234,3.3055592817510315
178,https://cfpub.epa.gov/ecotox/taxon/19677,https://cfpub.epa.gov/ecotox/cas/153719234,3.4596004000636387
179,https://cfpub.epa.gov/ecotox/taxon/19825,https://cfpub.epa.gov/ecotox/cas/7447407,6.253361890306522
180,https://cfpub.epa.gov/ecotox/taxon/1986,https://cfpub.epa.gov/ecotox/cas/7632000,2.0016770274025326
181,https://cfpub.epa.gov/ecotox/taxon/19881,https://cfpub.epa.gov/ecotox/cas/6484522,-0.35463949851824983
182,https://cfpub.epa.gov/ecotox/taxon/19881,https://cfpub.epa.gov/ecotox/cas/7758987,3.1479935211341195
183,https://cfpub.epa.gov/ecotox/taxon/2,https://cfpub.epa.gov/ecotox/cas/10025919,3.942123464790705
184,https://cfpub.epa.gov/ecotox/taxon/2,https://cfpub.epa.gov/ecotox/cas/10102064,3.2422824130083017
185,https://cfpub.epa.gov/ecotox/taxon/2,https://cfpub.epa.gov/ecotox/cas/7601890,1.9188217327944828
186,https://cfpub.epa.gov/ecotox/taxon/2,https://cfpub.epa.gov/ecotox/cas/7758987,4.59576691847643
187,https://cfpub.epa.gov/ecotox/taxon/20,https://cfpub.epa.gov/ecotox/cas/7758090,2.0578915835021174
188,https://cfpub.epa.gov/ecotox/taxon/201,https://cfpub.epa.gov/ecotox/cas/10325947,3.0045620290562054
189,https://cfpub.epa.gov/ecotox/taxon/201,https://cfpub.epa.gov/ecotox/cas/7487947,4.072694149446862
190,https://cfpub.epa.gov/ecotox/taxon/201,https://cfpub.epa.gov/ecotox/cas/7646857,2.0773862758136628
191,https://cfpub.epa.gov/ecotox/taxon/201,https://cfpub.epa.gov/ecotox/cas/7758987,5.158783825650374
192,https://cfpub.epa.gov/ecotox/taxon/20106,https://cfpub.epa.gov/ecotox/cas/7647145,2.375731057392284
193,https://cfpub.epa.gov/ecotox/taxon/20159,https://cfpub.epa.gov/ecotox/cas/7758987,3.5676035090379528
194,https://cfpub.epa.gov/ecotox/taxon/20193,https://cfpub.epa.gov/ecotox/cas/10099748,0.13906004908160793
195,https://cfpub.epa.gov/ecotox/taxon/20193,https://cfpub.epa.gov/ecotox/cas/10124364,1.6889561529930215
196,https://cfpub.epa.gov/ecotox/taxon/20193,https://cfpub.epa.gov/ecotox/cas/7758987,2.1483780226925715
197,https://cfpub.epa.gov/ecotox/taxon/202,https://cfpub.epa.gov/ecotox/cas/10102188,1.8620359794295673
198,https://cfpub.epa.gov/ecotox/taxon/20322,https://cfpub.epa.gov/ecotox/cas/7647145,1.8078086812864127
199,https://cfpub.epa.gov/ecotox/taxon/20356,https://cfpub.epa.gov/ecotox/cas/12125029,1.8195867663151153
200,https://cfpub.epa.gov/ecotox/taxon/20357,https://cfpub.epa.gov/ecotox/cas/12125029,1.7734437729594248
201,https://cfpub.epa.gov/ecotox/taxon/20361,https://cfpub.epa.gov/ecotox/cas/153719234,3.194408829628365
202,https://cfpub.epa.gov/ecotox/taxon/20361,https://cfpub.epa.gov/ecotox/cas/168316958,3.6966056226379833
203,https://cfpub.epa.gov/ecotox/taxon/20406,https://cfpub.epa.gov/ecotox/cas/7758987,2.93862087488711
204,https://cfpub.epa.gov/ecotox/taxon/2055,https://cfpub.epa.gov/ecotox/cas/7447407,5.168390541524698
205,https://cfpub.epa.gov/ecotox/taxon/2055,https://cfpub.epa.gov/ecotox/cas/7778509,3.876947271256032
206,https://cfpub.epa.gov/ecotox/taxon/206,https://cfpub.epa.gov/ecotox/cas/10043353,1.7729860721625532
207,https://cfpub.epa.gov/ecotox/taxon/206,https://cfpub.epa.gov/ecotox/cas/10099748,2.5383519019324003
208,https://cfpub.epa.gov/ecotox/taxon/206,https://cfpub.epa.gov/ecotox/cas/10325947,3.1722361214802324
209,https://cfpub.epa.gov/ecotox/taxon/206,https://cfpub.epa.gov/ecotox/cas/13410010,3.9997164731772017
210,https://cfpub.epa.gov/ecotox/taxon/206,https://cfpub.epa.gov/ecotox/cas/7447394,4.0893241983199875
211,https://cfpub.epa.gov/ecotox/taxon/206,https://cfpub.epa.gov/ecotox/cas/7733020,3.076691709898238
212,https://cfpub.epa.gov/ecotox/taxon/206,https://cfpub.epa.gov/ecotox/cas/7758987,3.0643513974611327
213,https://cfpub.epa.gov/ecotox/taxon/206,https://cfpub.epa.gov/ecotox/cas/7784465,3.105012974534503
214,https://cfpub.epa.gov/ecotox/taxon/206,https://cfpub.epa.gov/ecotox/cas/7785877,1.888625847175651
215,https://cfpub.epa.gov/ecotox/taxon/206,https://cfpub.epa.gov/ecotox/cas/7789380,3.1113229279468797
216,https://cfpub.epa.gov/ecotox/taxon/206,https://cfpub.epa.gov/ecotox/cas/85007,3.6173982809842435
217,https://cfpub.epa.gov/ecotox/taxon/20708,https://cfpub.epa.gov/ecotox/cas/10102064,3.4454418282565293
218,https://cfpub.epa.gov/ecotox/taxon/20710,https://cfpub.epa.gov/ecotox/cas/7758987,4.3377491044970835
219,https://cfpub.epa.gov/ecotox/taxon/2079,https://cfpub.epa.gov/ecotox/cas/20427592,0.8035163154532503
220,https://cfpub.epa.gov/ecotox/taxon/2079,https://cfpub.epa.gov/ecotox/cas/7447394,3.278319089178811
221,https://cfpub.epa.gov/ecotox/taxon/2079,https://cfpub.epa.gov/ecotox/cas/7758987,2.543665572829892
222,https://cfpub.epa.gov/ecotox/taxon/2098,https://cfpub.epa.gov/ecotox/cas/7722841,3.054421524462536
223,https://cfpub.epa.gov/ecotox/taxon/21,https://cfpub.epa.gov/ecotox/cas/470906,6.857058458667274
224,https://cfpub.epa.gov/ecotox/taxon/21,https://cfpub.epa.gov/ecotox/cas/7646799,2.594944400339249
225,https://cfpub.epa.gov/ecotox/taxon/21,https://cfpub.epa.gov/ecotox/cas/7758987,3.572713091628796
226,https://cfpub.epa.gov/ecotox/taxon/21,https://cfpub.epa.gov/ecotox/cas/85007,3.744084683862064
227,https://cfpub.epa.gov/ecotox/taxon/212,https://cfpub.epa.gov/ecotox/cas/6484522,5.4260881468360544
228,https://cfpub.epa.gov/ecotox/taxon/212,https://cfpub.epa.gov/ecotox/cas/7447394,4.801197834459149
229,https://cfpub.epa.gov/ecotox/taxon/212,https://cfpub.epa.gov/ecotox/cas/7646857,5.177283524181604
230,https://cfpub.epa.gov/ecotox/taxon/212,https://cfpub.epa.gov/ecotox/cas/7758987,5.657003920267264
231,https://cfpub.epa.gov/ecotox/taxon/212,https://cfpub.epa.gov/ecotox/cas/7778509,3.9766501844482582
232,https://cfpub.epa.gov/ecotox/taxon/2205,https://cfpub.epa.gov/ecotox/cas/7647145,-0.8673125846121011
233,https://cfpub.epa.gov/ecotox/taxon/224,https://cfpub.epa.gov/ecotox/cas/7758987,6.152964671944337
234,https://cfpub.epa.gov/ecotox/taxon/230,https://cfpub.epa.gov/ecotox/cas/153719234,3.945407833968394
235,https://cfpub.epa.gov/ecotox/taxon/230,https://cfpub.epa.gov/ecotox/cas/168316958,6.726116709368955
236,https://cfpub.epa.gov/ecotox/taxon/2309,https://cfpub.epa.gov/ecotox/cas/10108642,5.2319380013991665
237,https://cfpub.epa.gov/ecotox/taxon/2309,https://cfpub.epa.gov/ecotox/cas/7733020,4.881493817430668
238,https://cfpub.epa.gov/ecotox/taxon/2309,https://cfpub.epa.gov/ecotox/cas/7758987,6.0851333709443
239,https://cfpub.epa.gov/ecotox/taxon/2310,https://cfpub.epa.gov/ecotox/cas/10108642,4.960382907470501
240,https://cfpub.epa.gov/ecotox/taxon/2310,https://cfpub.epa.gov/ecotox/cas/7733020,4.8360679621760685
241,https://cfpub.epa.gov/ecotox/taxon/2310,https://cfpub.epa.gov/ecotox/cas/7758987,4.906826248479422
242,https://cfpub.epa.gov/ecotox/taxon/2329,https://cfpub.epa.gov/ecotox/cas/10025919,3.1057699043921287
243,https://cfpub.epa.gov/ecotox/taxon/233,https://cfpub.epa.gov/ecotox/cas/10124364,3.253733459414121
244,https://cfpub.epa.gov/ecotox/taxon/233,https://cfpub.epa.gov/ecotox/cas/7758987,2.3191169932779387
245,https://cfpub.epa.gov/ecotox/taxon/2340,https://cfpub.epa.gov/ecotox/cas/10025919,3.0637085593914173
246,https://cfpub.epa.gov/ecotox/taxon/2353,https://cfpub.epa.gov/ecotox/cas/7647145,0.5272390851013713
247,https://cfpub.epa.gov/ecotox/taxon/23620,https://cfpub.epa.gov/ecotox/cas/7733020,3.366208070027534
248,https://cfpub.epa.gov/ecotox/taxon/2371,https://cfpub.epa.gov/ecotox/cas/10025919,3.770922207877662
249,https://cfpub.epa.gov/ecotox/taxon/2371,https://cfpub.epa.gov/ecotox/cas/10043013,2.4665588098389604
250,https://cfpub.epa.gov/ecotox/taxon/2371,https://cfpub.epa.gov/ecotox/cas/10043353,1.875012247141262
251,https://cfpub.epa.gov/ecotox/taxon/2371,https://cfpub.epa.gov/ecotox/cas/7446186,6.430485620084711
252,https://cfpub.epa.gov/ecotox/taxon/2371,https://cfpub.epa.gov/ecotox/cas/7487947,7.491176622878214
253,https://cfpub.epa.gov/ecotox/taxon/2371,https://cfpub.epa.gov/ecotox/cas/7647145,1.6371981514845992
254,https://cfpub.epa.gov/ecotox/taxon/2371,https://cfpub.epa.gov/ecotox/cas/7718549,5.813327742815913
255,https://cfpub.epa.gov/ecotox/taxon/2371,https://cfpub.epa.gov/ecotox/cas/7758987,6.276792678555658
256,https://cfpub.epa.gov/ecotox/taxon/2371,https://cfpub.epa.gov/ecotox/cas/7778430,3.712951190345951
257,https://cfpub.epa.gov/ecotox/taxon/240,https://cfpub.epa.gov/ecotox/cas/10108642,5.400304044957211
258,https://cfpub.epa.gov/ecotox/taxon/2422,https://cfpub.epa.gov/ecotox/cas/153719234,3.7028301150369383
259,https://cfpub.epa.gov/ecotox/taxon/2430,https://cfpub.epa.gov/ecotox/cas/10108642,6.2644423736881
260,https://cfpub.epa.gov/ecotox/taxon/2430,https://cfpub.epa.gov/ecotox/cas/7646857,6.047492284778892
261,https://cfpub.epa.gov/ecotox/taxon/2430,https://cfpub.epa.gov/ecotox/cas/7758954,6.744940420705477
262,https://cfpub.epa.gov/ecotox/taxon/2441,https://cfpub.epa.gov/ecotox/cas/10043013,1.699819895446083
263,https://cfpub.epa.gov/ecotox/taxon/2441,https://cfpub.epa.gov/ecotox/cas/10108642,3.091256105275826
264,https://cfpub.epa.gov/ecotox/taxon/2441,https://cfpub.epa.gov/ecotox/cas/7758987,4.054943928939301
265,https://cfpub.epa.gov/ecotox/taxon/2441,https://cfpub.epa.gov/ecotox/cas/7785877,1.5197908663362065
266,https://cfpub.epa.gov/ecotox/taxon/2454,https://cfpub.epa.gov/ecotox/cas/7646799,3.9340639394695502
267,https://cfpub.epa.gov/ecotox/taxon/2488,https://cfpub.epa.gov/ecotox/cas/7447407,6.321005222960389
268,https://cfpub.epa.gov/ecotox/taxon/2488,https://cfpub.epa.gov/ecotox/cas/7631994,1.3196957370467643
269,https://cfpub.epa.gov/ecotox/taxon/2488,https://cfpub.epa.gov/ecotox/cas/7757791,2.839762071560201
270,https://cfpub.epa.gov/ecotox/taxon/25168,https://cfpub.epa.gov/ecotox/cas/7632000,2.344487295236264
271,https://cfpub.epa.gov/ecotox/taxon/2517,https://cfpub.epa.gov/ecotox/cas/10108642,4.590500375054012
272,https://cfpub.epa.gov/ecotox/taxon/2517,https://cfpub.epa.gov/ecotox/cas/7681529,5.2272635588314
273,https://cfpub.epa.gov/ecotox/taxon/2517,https://cfpub.epa.gov/ecotox/cas/7758987,6.349813615898464
274,https://cfpub.epa.gov/ecotox/taxon/252,https://cfpub.epa.gov/ecotox/cas/10099748,3.930010682574446
275,https://cfpub.epa.gov/ecotox/taxon/252,https://cfpub.epa.gov/ecotox/cas/10108642,3.1438684424822503
276,https://cfpub.epa.gov/ecotox/taxon/252,https://cfpub.epa.gov/ecotox/cas/7447394,3.1456935239042205
277,https://cfpub.epa.gov/ecotox/taxon/252,https://cfpub.epa.gov/ecotox/cas/7487947,3.8966485047681894
278,https://cfpub.epa.gov/ecotox/taxon/252,https://cfpub.epa.gov/ecotox/cas/7733020,2.766045945442657
279,https://cfpub.epa.gov/ecotox/taxon/25407,https://cfpub.epa.gov/ecotox/cas/168316958,1.716273173393764
280,https://cfpub.epa.gov/ecotox/taxon/25921,https://cfpub.epa.gov/ecotox/cas/7447394,5.218161080444617
281,https://cfpub.epa.gov/ecotox/taxon/263,https://cfpub.epa.gov/ecotox/cas/1314621,2.0196921907531444
282,https://cfpub.epa.gov/ecotox/taxon/263,https://cfpub.epa.gov/ecotox/cas/7758987,1.1061817676108885
283,https://cfpub.epa.gov/ecotox/taxon/2638,https://cfpub.epa.gov/ecotox/cas/1314132,3.67525509085924
284,https://cfpub.epa.gov/ecotox/taxon/2638,https://cfpub.epa.gov/ecotox/cas/1317380,2.039928842276834
285,https://cfpub.epa.gov/ecotox/taxon/2638,https://cfpub.epa.gov/ecotox/cas/7733020,3.695907130068525
286,https://cfpub.epa.gov/ecotox/taxon/2638,https://cfpub.epa.gov/ecotox/cas/7758987,3.733570388890712
287,https://cfpub.epa.gov/ecotox/taxon/26703,https://cfpub.epa.gov/ecotox/cas/7631994,1.8724016541980883
288,https://cfpub.epa.gov/ecotox/taxon/2685,https://cfpub.epa.gov/ecotox/cas/13473900,6.029414370780513
289,https://cfpub.epa.gov/ecotox/taxon/27,https://cfpub.epa.gov/ecotox/cas/10025919,2.943810047422641
290,https://cfpub.epa.gov/ecotox/taxon/27,https://cfpub.epa.gov/ecotox/cas/10099748,5.87274269447018
291,https://cfpub.epa.gov/ecotox/taxon/27,https://cfpub.epa.gov/ecotox/cas/7446186,4.916680709997543
292,https://cfpub.epa.gov/ecotox/taxon/27,https://cfpub.epa.gov/ecotox/cas/7447394,6.243583206848253
293,https://cfpub.epa.gov/ecotox/taxon/27,https://cfpub.epa.gov/ecotox/cas/7646857,5.6438375452164635
294,https://cfpub.epa.gov/ecotox/taxon/271,https://cfpub.epa.gov/ecotox/cas/7733020,5.683968514487327
295,https://cfpub.epa.gov/ecotox/taxon/27410,https://cfpub.epa.gov/ecotox/cas/10108642,4.787321118968437
296,https://cfpub.epa.gov/ecotox/taxon/27410,https://cfpub.epa.gov/ecotox/cas/7758987,4.297981977625596
297,https://cfpub.epa.gov/ecotox/taxon/27410,https://cfpub.epa.gov/ecotox/cas/7784465,3.460400632521077
298,https://cfpub.epa.gov/ecotox/taxon/27645,https://cfpub.epa.gov/ecotox/cas/139968493,3.06967050047646
299,https://cfpub.epa.gov/ecotox/taxon/27645,https://cfpub.epa.gov/ecotox/cas/168316958,4.91408956685189
300,https://cfpub.epa.gov/ecotox/taxon/27776,https://cfpub.epa.gov/ecotox/cas/7758987,2.50036824747252
301,https://cfpub.epa.gov/ecotox/taxon/27874,https://cfpub.epa.gov/ecotox/cas/7733020,3.9027665125990643
302,https://cfpub.epa.gov/ecotox/taxon/2799,https://cfpub.epa.gov/ecotox/cas/7631994,2.071371240815132
303,https://cfpub.epa.gov/ecotox/taxon/28,https://cfpub.epa.gov/ecotox/cas/10043013,2.7038485707843534
304,https://cfpub.epa.gov/ecotox/taxon/28,https://cfpub.epa.gov/ecotox/cas/10108642,4.033993452309826
305,https://cfpub.epa.gov/ecotox/taxon/28,https://cfpub.epa.gov/ecotox/cas/7647145,0.6949350219848517
306,https://cfpub.epa.gov/ecotox/taxon/28,https://cfpub.epa.gov/ecotox/cas/7722647,3.0429938310381632
307,https://cfpub.epa.gov/ecotox/taxon/28,https://cfpub.epa.gov/ecotox/cas/7758987,3.6212883680007293
308,https://cfpub.epa.gov/ecotox/taxon/28,https://cfpub.epa.gov/ecotox/cas/7778509,2.5935300605830642
309,https://cfpub.epa.gov/ecotox/taxon/28,https://cfpub.epa.gov/ecotox/cas/7785877,1.8000808824223942
310,https://cfpub.epa.gov/ecotox/taxon/28033,https://cfpub.epa.gov/ecotox/cas/7758987,3.6695930475752845
311,https://cfpub.epa.gov/ecotox/taxon/28076,https://cfpub.epa.gov/ecotox/cas/10108642,2.2880923946848264
312,https://cfpub.epa.gov/ecotox/taxon/28076,https://cfpub.epa.gov/ecotox/cas/7447394,1.5716447407398388
313,https://cfpub.epa.gov/ecotox/taxon/28076,https://cfpub.epa.gov/ecotox/cas/7646857,1.818689934949449
314,https://cfpub.epa.gov/ecotox/taxon/28076,https://cfpub.epa.gov/ecotox/cas/7718549,1.687988580362989
315,https://cfpub.epa.gov/ecotox/taxon/28277,https://cfpub.epa.gov/ecotox/cas/153719234,1.5671200761813595
316,https://cfpub.epa.gov/ecotox/taxon/28330,https://cfpub.epa.gov/ecotox/cas/153719234,4.573556652398157
317,https://cfpub.epa.gov/ecotox/taxon/2851,https://cfpub.epa.gov/ecotox/cas/7447394,3.0981112639282977
318,https://cfpub.epa.gov/ecotox/taxon/2854,https://cfpub.epa.gov/ecotox/cas/10102064,4.21751893092798
319,https://cfpub.epa.gov/ecotox/taxon/28647,https://cfpub.epa.gov/ecotox/cas/153719234,3.4147037511761
320,https://cfpub.epa.gov/ecotox/taxon/28792,https://cfpub.epa.gov/ecotox/cas/7447394,1.698535492562001
321,https://cfpub.epa.gov/ecotox/taxon/29013,https://cfpub.epa.gov/ecotox/cas/7758987,6.297981977625596
322,https://cfpub.epa.gov/ecotox/taxon/2976,https://cfpub.epa.gov/ecotox/cas/153719234,1.3254976622282195
323,https://cfpub.epa.gov/ecotox/taxon/29858,https://cfpub.epa.gov/ecotox/cas/7647145,-1.0248331165504252
324,https://cfpub.epa.gov/ecotox/taxon/3004,https://cfpub.epa.gov/ecotox/cas/13410010,3.38637547143955
325,https://cfpub.epa.gov/ecotox/taxon/3004,https://cfpub.epa.gov/ecotox/cas/7447394,2.9620491269580933
326,https://cfpub.epa.gov/ecotox/taxon/302,https://cfpub.epa.gov/ecotox/cas/10108642,3.140590732721014
327,https://cfpub.epa.gov/ecotox/taxon/302,https://cfpub.epa.gov/ecotox/cas/12125018,1.6917913037816676
328,https://cfpub.epa.gov/ecotox/taxon/302,https://cfpub.epa.gov/ecotox/cas/12125029,2.3143691882625017
329,https://cfpub.epa.gov/ecotox/taxon/302,https://cfpub.epa.gov/ecotox/cas/592858,4.548076706373845
330,https://cfpub.epa.gov/ecotox/taxon/302,https://cfpub.epa.gov/ecotox/cas/7681529,2.152958325312673
331,https://cfpub.epa.gov/ecotox/taxon/30490,https://cfpub.epa.gov/ecotox/cas/7447394,3.2862162227704275
332,https://cfpub.epa.gov/ecotox/taxon/30490,https://cfpub.epa.gov/ecotox/cas/7646799,1.907954569185303
333,https://cfpub.epa.gov/ecotox/taxon/30490,https://cfpub.epa.gov/ecotox/cas/7718549,2.0126048980930484
334,https://cfpub.epa.gov/ecotox/taxon/30490,https://cfpub.epa.gov/ecotox/cas/7733020,2.2907487359487866
335,https://cfpub.epa.gov/ecotox/taxon/30612,https://cfpub.epa.gov/ecotox/cas/7487947,6.882691174417102
336,https://cfpub.epa.gov/ecotox/taxon/31156,https://cfpub.epa.gov/ecotox/cas/7733020,5.27745406163739
337,https://cfpub.epa.gov/ecotox/taxon/31236,https://cfpub.epa.gov/ecotox/cas/7447407,6.417610360924755
338,https://cfpub.epa.gov/ecotox/taxon/31236,https://cfpub.epa.gov/ecotox/cas/7757791,2.389217711311504
339,https://cfpub.epa.gov/ecotox/taxon/31237,https://cfpub.epa.gov/ecotox/cas/7447407,5.58644809885379
340,https://cfpub.epa.gov/ecotox/taxon/31238,https://cfpub.epa.gov/ecotox/cas/7447407,5.567534059032373
341,https://cfpub.epa.gov/ecotox/taxon/31239,https://cfpub.epa.gov/ecotox/cas/7447407,6.028599798310104
342,https://cfpub.epa.gov/ecotox/taxon/31317,https://cfpub.epa.gov/ecotox/cas/7758987,5.783033392924593
343,https://cfpub.epa.gov/ecotox/taxon/31317,https://cfpub.epa.gov/ecotox/cas/7778509,5.997256161965329
344,https://cfpub.epa.gov/ecotox/taxon/31614,https://cfpub.epa.gov/ecotox/cas/1314132,4.272554878004183
345,https://cfpub.epa.gov/ecotox/taxon/31626,https://cfpub.epa.gov/ecotox/cas/10102064,1.4275858499962293
346,https://cfpub.epa.gov/ecotox/taxon/31668,https://cfpub.epa.gov/ecotox/cas/7447394,4.0442358831454435
347,https://cfpub.epa.gov/ecotox/taxon/32268,https://cfpub.epa.gov/ecotox/cas/10112911,3.6962956761645147
348,https://cfpub.epa.gov/ecotox/taxon/32268,https://cfpub.epa.gov/ecotox/cas/10325947,3.0500202432074057
349,https://cfpub.epa.gov/ecotox/taxon/32268,https://cfpub.epa.gov/ecotox/cas/7447394,5.200868109185939
350,https://cfpub.epa.gov/ecotox/taxon/32268,https://cfpub.epa.gov/ecotox/cas/7758987,3.839344128599947
351,https://cfpub.epa.gov/ecotox/taxon/32297,https://cfpub.epa.gov/ecotox/cas/6484522,0.7998162315821884
352,https://cfpub.epa.gov/ecotox/taxon/32297,https://cfpub.epa.gov/ecotox/cas/7758987,3.104161951609483
353,https://cfpub.epa.gov/ecotox/taxon/32408,https://cfpub.epa.gov/ecotox/cas/7733020,5.49406647187001
354,https://cfpub.epa.gov/ecotox/taxon/32409,https://cfpub.epa.gov/ecotox/cas/7733020,5.938978685253509
355,https://cfpub.epa.gov/ecotox/taxon/32417,https://cfpub.epa.gov/ecotox/cas/7758987,7.121890718569914
356,https://cfpub.epa.gov/ecotox/taxon/32516,https://cfpub.epa.gov/ecotox/cas/7733020,3.624012911646235
357,https://cfpub.epa.gov/ecotox/taxon/32815,https://cfpub.epa.gov/ecotox/cas/7778509,2.09657456087843
358,https://cfpub.epa.gov/ecotox/taxon/33146,https://cfpub.epa.gov/ecotox/cas/153719234,1.7130278534641559
359,https://cfpub.epa.gov/ecotox/taxon/33151,https://cfpub.epa.gov/ecotox/cas/153719234,3.693631915594054
360,https://cfpub.epa.gov/ecotox/taxon/341,https://cfpub.epa.gov/ecotox/cas/12125029,2.065337468929361
361,https://cfpub.epa.gov/ecotox/taxon/34321,https://cfpub.epa.gov/ecotox/cas/12125029,2.630880626431561
362,https://cfpub.epa.gov/ecotox/taxon/34321,https://cfpub.epa.gov/ecotox/cas/3251238,6.691837322971568
363,https://cfpub.epa.gov/ecotox/taxon/34321,https://cfpub.epa.gov/ecotox/cas/7733020,2.664720409470269
364,https://cfpub.epa.gov/ecotox/taxon/345,https://cfpub.epa.gov/ecotox/cas/7758987,5.43437915407597
365,https://cfpub.epa.gov/ecotox/taxon/34539,https://cfpub.epa.gov/ecotox/cas/10099748,1.6526024551399017
366,https://cfpub.epa.gov/ecotox/taxon/34539,https://cfpub.epa.gov/ecotox/cas/10108642,2.664455142422854
367,https://cfpub.epa.gov/ecotox/taxon/34539,https://cfpub.epa.gov/ecotox/cas/7487947,4.29277137111268
368,https://cfpub.epa.gov/ecotox/taxon/34539,https://cfpub.epa.gov/ecotox/cas/7646857,1.257561282868867
369,https://cfpub.epa.gov/ecotox/taxon/34539,https://cfpub.epa.gov/ecotox/cas/7758987,3.4707733701687387
370,https://cfpub.epa.gov/ecotox/taxon/34553,https://cfpub.epa.gov/ecotox/cas/7758987,5.2210685930337934
371,https://cfpub.epa.gov/ecotox/taxon/34562,https://cfpub.epa.gov/ecotox/cas/15584040,1.5972745429311455
372,https://cfpub.epa.gov/ecotox/taxon/34567,https://cfpub.epa.gov/ecotox/cas/7447394,3.3226035383809913
373,https://cfpub.epa.gov/ecotox/taxon/34623,https://cfpub.epa.gov/ecotox/cas/10043013,3.1056604726972004
374,https://cfpub.epa.gov/ecotox/taxon/34623,https://cfpub.epa.gov/ecotox/cas/10099748,2.9996753466565718
375,https://cfpub.epa.gov/ecotox/taxon/34623,https://cfpub.epa.gov/ecotox/cas/10108642,4.310199864248775
376,https://cfpub.epa.gov/ecotox/taxon/34623,https://cfpub.epa.gov/ecotox/cas/7705080,3.138115746292137
377,https://cfpub.epa.gov/ecotox/taxon/34623,https://cfpub.epa.gov/ecotox/cas/7733020,2.3012354434386495
378,https://cfpub.epa.gov/ecotox/taxon/34623,https://cfpub.epa.gov/ecotox/cas/7758987,3.803131955945502
379,https://cfpub.epa.gov/ecotox/taxon/34623,https://cfpub.epa.gov/ecotox/cas/7785877,2.316529079225132
380,https://cfpub.epa.gov/ecotox/taxon/34623,https://cfpub.epa.gov/ecotox/cas/7786814,1.7291176123257088
381,https://cfpub.epa.gov/ecotox/taxon/34624,https://cfpub.epa.gov/ecotox/cas/10043013,3.3491038359083904
382,https://cfpub.epa.gov/ecotox/taxon/34624,https://cfpub.epa.gov/ecotox/cas/10108642,4.2644423736881
383,https://cfpub.epa.gov/ecotox/taxon/34624,https://cfpub.epa.gov/ecotox/cas/7758987,4.4229207142338955
384,https://cfpub.epa.gov/ecotox/taxon/34624,https://cfpub.epa.gov/ecotox/cas/7785877,2.422024350292321
385,https://cfpub.epa.gov/ecotox/taxon/34625,https://cfpub.epa.gov/ecotox/cas/10043013,3.94273065969949
386,https://cfpub.epa.gov/ecotox/taxon/34625,https://cfpub.epa.gov/ecotox/cas/10108642,3.8330786095291125
387,https://cfpub.epa.gov/ecotox/taxon/34625,https://cfpub.epa.gov/ecotox/cas/7705080,5.894441480205984
388,https://cfpub.epa.gov/ecotox/taxon/34625,https://cfpub.epa.gov/ecotox/cas/7758987,6.75391393327532
389,https://cfpub.epa.gov/ecotox/taxon/34625,https://cfpub.epa.gov/ecotox/cas/7785877,3.6223579577708818
390,https://cfpub.epa.gov/ecotox/taxon/352,https://cfpub.epa.gov/ecotox/cas/10099748,3.4998859905310074
391,https://cfpub.epa.gov/ecotox/taxon/352,https://cfpub.epa.gov/ecotox/cas/10108642,0.65637401902639
392,https://cfpub.epa.gov/ecotox/taxon/358,https://cfpub.epa.gov/ecotox/cas/7733020,0.18931578105823255
393,https://cfpub.epa.gov/ecotox/taxon/358,https://cfpub.epa.gov/ecotox/cas/7758987,6.136613975390621
394,https://cfpub.epa.gov/ecotox/taxon/366,https://cfpub.epa.gov/ecotox/cas/1314132,2.9026775208634947
395,https://cfpub.epa.gov/ecotox/taxon/372,https://cfpub.epa.gov/ecotox/cas/7646857,-0.3889075951124552
396,https://cfpub.epa.gov/ecotox/taxon/374,https://cfpub.epa.gov/ecotox/cas/7647145,1.6077848462659514
397,https://cfpub.epa.gov/ecotox/taxon/375,https://cfpub.epa.gov/ecotox/cas/12125029,2.733076235901301
398,https://cfpub.epa.gov/ecotox/taxon/376,https://cfpub.epa.gov/ecotox/cas/7447394,5.294757232657748
399,https://cfpub.epa.gov/ecotox/taxon/376,https://cfpub.epa.gov/ecotox/cas/7778509,3.4175854649538806
400,https://cfpub.epa.gov/ecotox/taxon/395,https://cfpub.epa.gov/ecotox/cas/10099748,1.0507918077249894
401,https://cfpub.epa.gov/ecotox/taxon/395,https://cfpub.epa.gov/ecotox/cas/10108642,0.7321949006306824
402,https://cfpub.epa.gov/ecotox/taxon/395,https://cfpub.epa.gov/ecotox/cas/7487947,3.4064462827998794
403,https://cfpub.epa.gov/ecotox/taxon/395,https://cfpub.epa.gov/ecotox/cas/7646857,0.772118264367353
404,https://cfpub.epa.gov/ecotox/taxon/395,https://cfpub.epa.gov/ecotox/cas/7758987,2.1593378551650826
405,https://cfpub.epa.gov/ecotox/taxon/397,https://cfpub.epa.gov/ecotox/cas/153719234,2.9286276538035105
406,https://cfpub.epa.gov/ecotox/taxon/397,https://cfpub.epa.gov/ecotox/cas/168316958,6.2440499804555465
407,https://cfpub.epa.gov/ecotox/taxon/39823,https://cfpub.epa.gov/ecotox/cas/10099748,-1.6573284998722608
408,https://cfpub.epa.gov/ecotox/taxon/39823,https://cfpub.epa.gov/ecotox/cas/10124364,0.7268752654456675
409,https://cfpub.epa.gov/ecotox/taxon/39823,https://cfpub.epa.gov/ecotox/cas/7758987,0.4020969277827504
410,https://cfpub.epa.gov/ecotox/taxon/4,https://cfpub.epa.gov/ecotox/cas/10025919,2.943810047422641
411,https://cfpub.epa.gov/ecotox/taxon/4,https://cfpub.epa.gov/ecotox/cas/10049044,2.9067308666813387
412,https://cfpub.epa.gov/ecotox/taxon/4,https://cfpub.epa.gov/ecotox/cas/10099748,5.488846294987486
413,https://cfpub.epa.gov/ecotox/taxon/4,https://cfpub.epa.gov/ecotox/cas/10102064,4.0011678734623555
414,https://cfpub.epa.gov/ecotox/taxon/4,https://cfpub.epa.gov/ecotox/cas/10108642,6.327607727334703
415,https://cfpub.epa.gov/ecotox/taxon/4,https://cfpub.epa.gov/ecotox/cas/1327533,2.8115913157508556
416,https://cfpub.epa.gov/ecotox/taxon/4,https://cfpub.epa.gov/ecotox/cas/7447394,5.887888682285519
417,https://cfpub.epa.gov/ecotox/taxon/4,https://cfpub.epa.gov/ecotox/cas/7601890,1.7829430101221702
418,https://cfpub.epa.gov/ecotox/taxon/4,https://cfpub.epa.gov/ecotox/cas/7646857,5.879596233817296
419,https://cfpub.epa.gov/ecotox/taxon/4,https://cfpub.epa.gov/ecotox/cas/7647145,0.982803571590862
420,https://cfpub.epa.gov/ecotox/taxon/4,https://cfpub.epa.gov/ecotox/cas/7681529,5.013459832055057
421,https://cfpub.epa.gov/ecotox/taxon/4,https://cfpub.epa.gov/ecotox/cas/7758192,2.780805242808815
422,https://cfpub.epa.gov/ecotox/taxon/4,https://cfpub.epa.gov/ecotox/cas/7758954,6.340106704085539
423,https://cfpub.epa.gov/ecotox/taxon/4,https://cfpub.epa.gov/ecotox/cas/7758987,6.4229207142338955
424,https://cfpub.epa.gov/ecotox/taxon/4,https://cfpub.epa.gov/ecotox/cas/7783202,2.9745116927373285
425,https://cfpub.epa.gov/ecotox/taxon/40357,https://cfpub.epa.gov/ecotox/cas/153719234,0.9917213432806793
426,https://cfpub.epa.gov/ecotox/taxon/40843,https://cfpub.epa.gov/ecotox/cas/7758987,6.187111896414638
427,https://cfpub.epa.gov/ecotox/taxon/40844,https://cfpub.epa.gov/ecotox/cas/7758987,5.975762682891677
428,https://cfpub.epa.gov/ecotox/taxon/40845,https://cfpub.epa.gov/ecotox/cas/7758987,5.866618213466609
429,https://cfpub.epa.gov/ecotox/taxon/409,https://cfpub.epa.gov/ecotox/cas/85007,3.934416382032355
430,https://cfpub.epa.gov/ecotox/taxon/418,https://cfpub.epa.gov/ecotox/cas/1327533,1.4551785376170998
431,https://cfpub.epa.gov/ecotox/taxon/418,https://cfpub.epa.gov/ecotox/cas/7487947,3.525936966585805
432,https://cfpub.epa.gov/ecotox/taxon/418,https://cfpub.epa.gov/ecotox/cas/7758987,2.5914775553923195
433,https://cfpub.epa.gov/ecotox/taxon/421,https://cfpub.epa.gov/ecotox/cas/12125029,0.9999641051778738
434,https://cfpub.epa.gov/ecotox/taxon/421,https://cfpub.epa.gov/ecotox/cas/7632000,0.7067247245379056
435,https://cfpub.epa.gov/ecotox/taxon/421,https://cfpub.epa.gov/ecotox/cas/7778509,3.404459479100127
436,https://cfpub.epa.gov/ecotox/taxon/42910,https://cfpub.epa.gov/ecotox/cas/7487947,2.434421985464455
437,https://cfpub.epa.gov/ecotox/taxon/42911,https://cfpub.epa.gov/ecotox/cas/7487947,2.434421985464455
438,https://cfpub.epa.gov/ecotox/taxon/42927,https://cfpub.epa.gov/ecotox/cas/7487947,2.434421985464455
439,https://cfpub.epa.gov/ecotox/taxon/42928,https://cfpub.epa.gov/ecotox/cas/7803512,3.2526869942973895
440,https://cfpub.epa.gov/ecotox/taxon/4389,https://cfpub.epa.gov/ecotox/cas/1314132,2.924953915574647
441,https://cfpub.epa.gov/ecotox/taxon/4389,https://cfpub.epa.gov/ecotox/cas/7733020,3.3007065212711018
442,https://cfpub.epa.gov/ecotox/taxon/4389,https://cfpub.epa.gov/ecotox/cas/7758987,6.314581239445057
443,https://cfpub.epa.gov/ecotox/taxon/4550,https://cfpub.epa.gov/ecotox/cas/1314132,3.5506022624435953
444,https://cfpub.epa.gov/ecotox/taxon/4550,https://cfpub.epa.gov/ecotox/cas/1344281,1.9603298881930724
445,https://cfpub.epa.gov/ecotox/taxon/4550,https://cfpub.epa.gov/ecotox/cas/13463677,1.8850300036477448
446,https://cfpub.epa.gov/ecotox/taxon/4550,https://cfpub.epa.gov/ecotox/cas/7446700,3.72226527382759
447,https://cfpub.epa.gov/ecotox/taxon/4550,https://cfpub.epa.gov/ecotox/cas/7447394,2.123417129193068
448,https://cfpub.epa.gov/ecotox/taxon/4550,https://cfpub.epa.gov/ecotox/cas/7646857,3.6642755329275603
449,https://cfpub.epa.gov/ecotox/taxon/4598,https://cfpub.epa.gov/ecotox/cas/10108642,1.5427575973897019
450,https://cfpub.epa.gov/ecotox/taxon/4598,https://cfpub.epa.gov/ecotox/cas/7758987,3.3397550033506334
451,https://cfpub.epa.gov/ecotox/taxon/4600,https://cfpub.epa.gov/ecotox/cas/7758987,6.803131955945502
452,https://cfpub.epa.gov/ecotox/taxon/4630,https://cfpub.epa.gov/ecotox/cas/10108642,2.6376122668345188
453,https://cfpub.epa.gov/ecotox/taxon/4641,https://cfpub.epa.gov/ecotox/cas/7487947,3.7909693089782674
454,https://cfpub.epa.gov/ecotox/taxon/4676,https://cfpub.epa.gov/ecotox/cas/7758987,5.79283199930569
455,https://cfpub.epa.gov/ecotox/taxon/4729,https://cfpub.epa.gov/ecotox/cas/10099748,5.3197314257531065
456,https://cfpub.epa.gov/ecotox/taxon/4729,https://cfpub.epa.gov/ecotox/cas/10108642,6.16081374432993
457,https://cfpub.epa.gov/ecotox/taxon/4729,https://cfpub.epa.gov/ecotox/cas/7487947,5.842047886650485
458,https://cfpub.epa.gov/ecotox/taxon/4734,https://cfpub.epa.gov/ecotox/cas/10108642,4.448665453389737
459,https://cfpub.epa.gov/ecotox/taxon/4753,https://cfpub.epa.gov/ecotox/cas/13473900,5.672837982923264
460,https://cfpub.epa.gov/ecotox/taxon/4753,https://cfpub.epa.gov/ecotox/cas/7487889,2.4739813137299853
461,https://cfpub.epa.gov/ecotox/taxon/4753,https://cfpub.epa.gov/ecotox/cas/7758987,5.831856107207397
462,https://cfpub.epa.gov/ecotox/taxon/4755,https://cfpub.epa.gov/ecotox/cas/10043353,2.5856918806619587
463,https://cfpub.epa.gov/ecotox/taxon/4755,https://cfpub.epa.gov/ecotox/cas/10108642,3.317284342345881
464,https://cfpub.epa.gov/ecotox/taxon/4755,https://cfpub.epa.gov/ecotox/cas/7758987,2.9088158932610635
465,https://cfpub.epa.gov/ecotox/taxon/4768,https://cfpub.epa.gov/ecotox/cas/1314132,3.1696888367205833
466,https://cfpub.epa.gov/ecotox/taxon/4768,https://cfpub.epa.gov/ecotox/cas/1317380,1.8024920158973863
467,https://cfpub.epa.gov/ecotox/taxon/4768,https://cfpub.epa.gov/ecotox/cas/7733020,3.46415285002496
468,https://cfpub.epa.gov/ecotox/taxon/4768,https://cfpub.epa.gov/ecotox/cas/7758987,3.937902325922617
469,https://cfpub.epa.gov/ecotox/taxon/4787,https://cfpub.epa.gov/ecotox/cas/10108642,6.565472369352081
470,https://cfpub.epa.gov/ecotox/taxon/4787,https://cfpub.epa.gov/ecotox/cas/7646857,6.728733522154479
471,https://cfpub.epa.gov/ecotox/taxon/4787,https://cfpub.epa.gov/ecotox/cas/7758954,6.744940420705477
472,https://cfpub.epa.gov/ecotox/taxon/4804,https://cfpub.epa.gov/ecotox/cas/7733020,2.9006004508425565
473,https://cfpub.epa.gov/ecotox/taxon/4804,https://cfpub.epa.gov/ecotox/cas/7758987,3.362222873880284
474,https://cfpub.epa.gov/ecotox/taxon/4822,https://cfpub.epa.gov/ecotox/cas/7447394,6.947325870137387
475,https://cfpub.epa.gov/ecotox/taxon/4822,https://cfpub.epa.gov/ecotox/cas/7646857,6.524613539498554
476,https://cfpub.epa.gov/ecotox/taxon/485,https://cfpub.epa.gov/ecotox/cas/1332656,1.2147036407754144
477,https://cfpub.epa.gov/ecotox/taxon/485,https://cfpub.epa.gov/ecotox/cas/13473900,5.5648394536272825
478,https://cfpub.epa.gov/ecotox/taxon/485,https://cfpub.epa.gov/ecotox/cas/470906,6.9222648278209595
479,https://cfpub.epa.gov/ecotox/taxon/485,https://cfpub.epa.gov/ecotox/cas/7722647,3.7078738996148033
480,https://cfpub.epa.gov/ecotox/taxon/485,https://cfpub.epa.gov/ecotox/cas/7758090,2.6008626452670836
481,https://cfpub.epa.gov/ecotox/taxon/485,https://cfpub.epa.gov/ecotox/cas/7758987,2.5385934431622084
482,https://cfpub.epa.gov/ecotox/taxon/49,https://cfpub.epa.gov/ecotox/cas/7758987,6.599011973289577
483,https://cfpub.epa.gov/ecotox/taxon/4910,https://cfpub.epa.gov/ecotox/cas/10102188,3.476824135616508
484,https://cfpub.epa.gov/ecotox/taxon/4910,https://cfpub.epa.gov/ecotox/cas/112281773,1.0047690589940288
485,https://cfpub.epa.gov/ecotox/taxon/4910,https://cfpub.epa.gov/ecotox/cas/13410010,3.515042080567093
486,https://cfpub.epa.gov/ecotox/taxon/4910,https://cfpub.epa.gov/ecotox/cas/153719234,2.864799480732163
487,https://cfpub.epa.gov/ecotox/taxon/4910,https://cfpub.epa.gov/ecotox/cas/168316958,1.8662685038791977
488,https://cfpub.epa.gov/ecotox/taxon/4926,https://cfpub.epa.gov/ecotox/cas/7758987,2.7745424279423196
489,https://cfpub.epa.gov/ecotox/taxon/49921,https://cfpub.epa.gov/ecotox/cas/7632000,1.4428896427551055
490,https://cfpub.epa.gov/ecotox/taxon/5,https://cfpub.epa.gov/ecotox/cas/10099748,5.575864780200488
491,https://cfpub.epa.gov/ecotox/taxon/5,https://cfpub.epa.gov/ecotox/cas/10108642,4.410987532320033
492,https://cfpub.epa.gov/ecotox/taxon/5,https://cfpub.epa.gov/ecotox/cas/112281773,4.712067165731828
493,https://cfpub.epa.gov/ecotox/taxon/5,https://cfpub.epa.gov/ecotox/cas/1314132,2.9366944634994088
494,https://cfpub.epa.gov/ecotox/taxon/5,https://cfpub.epa.gov/ecotox/cas/1317380,1.982767292306343
495,https://cfpub.epa.gov/ecotox/taxon/5,https://cfpub.epa.gov/ecotox/cas/1317391,5.7470216702678485
496,https://cfpub.epa.gov/ecotox/taxon/5,https://cfpub.epa.gov/ecotox/cas/1344281,1.4005246697756184
497,https://cfpub.epa.gov/ecotox/taxon/5,https://cfpub.epa.gov/ecotox/cas/13463677,2.316160144070845
498,https://cfpub.epa.gov/ecotox/taxon/5,https://cfpub.epa.gov/ecotox/cas/13762511,3.7324259285931696
499,https://cfpub.epa.gov/ecotox/taxon/5,https://cfpub.epa.gov/ecotox/cas/3251238,4.536307494978727
500,https://cfpub.epa.gov/ecotox/taxon/5,https://cfpub.epa.gov/ecotox/cas/540727,4.431176065494421
501,https://cfpub.epa.gov/ecotox/taxon/5,https://cfpub.epa.gov/ecotox/cas/7447394,6.300705994518522
502,https://cfpub.epa.gov/ecotox/taxon/5,https://cfpub.epa.gov/ecotox/cas/7487947,6.817923930268378
503,https://cfpub.epa.gov/ecotox/taxon/5,https://cfpub.epa.gov/ecotox/cas/7632000,3.1917274717262254
504,https://cfpub.epa.gov/ecotox/taxon/5,https://cfpub.epa.gov/ecotox/cas/7646799,3.6050052202053253
505,https://cfpub.epa.gov/ecotox/taxon/5,https://cfpub.epa.gov/ecotox/cas/7646857,5.688564610530696
506,https://cfpub.epa.gov/ecotox/taxon/5,https://cfpub.epa.gov/ecotox/cas/7647145,1.2032142586949008
507,https://cfpub.epa.gov/ecotox/taxon/5,https://cfpub.epa.gov/ecotox/cas/7681529,3.546742374213553
508,https://cfpub.epa.gov/ecotox/taxon/5,https://cfpub.epa.gov/ecotox/cas/7718549,3.6016288758626263
509,https://cfpub.epa.gov/ecotox/taxon/5,https://cfpub.epa.gov/ecotox/cas/7733020,3.986512056245946
510,https://cfpub.epa.gov/ecotox/taxon/5,https://cfpub.epa.gov/ecotox/cas/7758023,3.071447657634495
511,https://cfpub.epa.gov/ecotox/taxon/5,https://cfpub.epa.gov/ecotox/cas/7758987,3.529466169527666
512,https://cfpub.epa.gov/ecotox/taxon/5,https://cfpub.epa.gov/ecotox/cas/7761888,6.625554230101092
513,https://cfpub.epa.gov/ecotox/taxon/5,https://cfpub.epa.gov/ecotox/cas/7778509,3.446822579212593
514,https://cfpub.epa.gov/ecotox/taxon/5,https://cfpub.epa.gov/ecotox/cas/7783202,3.1206397284155662
515,https://cfpub.epa.gov/ecotox/taxon/5,https://cfpub.epa.gov/ecotox/cas/7787475,3.596322138680332
516,https://cfpub.epa.gov/ecotox/taxon/5,https://cfpub.epa.gov/ecotox/cas/7789380,2.469295424984387
517,https://cfpub.epa.gov/ecotox/taxon/5,https://cfpub.epa.gov/ecotox/cas/8003347,7.436950798932231
518,https://cfpub.epa.gov/ecotox/taxon/5122,https://cfpub.epa.gov/ecotox/cas/7758987,6.155748985830882
519,https://cfpub.epa.gov/ecotox/taxon/5156,https://cfpub.epa.gov/ecotox/cas/10099748,5.77392144776228
520,https://cfpub.epa.gov/ecotox/taxon/5156,https://cfpub.epa.gov/ecotox/cas/10108642,3.0125470321595094
521,https://cfpub.epa.gov/ecotox/taxon/5156,https://cfpub.epa.gov/ecotox/cas/10124433,2.63370685932461
522,https://cfpub.epa.gov/ecotox/taxon/5156,https://cfpub.epa.gov/ecotox/cas/10141056,4.18868524739453
523,https://cfpub.epa.gov/ecotox/taxon/5156,https://cfpub.epa.gov/ecotox/cas/10325947,4.969475434087032
524,https://cfpub.epa.gov/ecotox/taxon/5156,https://cfpub.epa.gov/ecotox/cas/12125029,1.6609689526420466
525,https://cfpub.epa.gov/ecotox/taxon/5156,https://cfpub.epa.gov/ecotox/cas/1314132,1.402206280182573
526,https://cfpub.epa.gov/ecotox/taxon/5156,https://cfpub.epa.gov/ecotox/cas/1327533,2.9895569964589006
527,https://cfpub.epa.gov/ecotox/taxon/5156,https://cfpub.epa.gov/ecotox/cas/7446700,2.3086302766290343
528,https://cfpub.epa.gov/ecotox/taxon/5156,https://cfpub.epa.gov/ecotox/cas/7447407,5.988793785779647
529,https://cfpub.epa.gov/ecotox/taxon/5156,https://cfpub.epa.gov/ecotox/cas/7447418,0.2077034193392699
530,https://cfpub.epa.gov/ecotox/taxon/5156,https://cfpub.epa.gov/ecotox/cas/7487947,4.288293949786217
531,https://cfpub.epa.gov/ecotox/taxon/5156,https://cfpub.epa.gov/ecotox/cas/7601890,1.664535140672828
532,https://cfpub.epa.gov/ecotox/taxon/5156,https://cfpub.epa.gov/ecotox/cas/7646799,1.9189980588347375
533,https://cfpub.epa.gov/ecotox/taxon/5156,https://cfpub.epa.gov/ecotox/cas/7646857,1.4785087522525155
534,https://cfpub.epa.gov/ecotox/taxon/5156,https://cfpub.epa.gov/ecotox/cas/7722647,3.101419855495169
535,https://cfpub.epa.gov/ecotox/taxon/5156,https://cfpub.epa.gov/ecotox/cas/7733020,3.3290984255806952
536,https://cfpub.epa.gov/ecotox/taxon/5156,https://cfpub.epa.gov/ecotox/cas/7758954,3.4268770857427158
537,https://cfpub.epa.gov/ecotox/taxon/5156,https://cfpub.epa.gov/ecotox/cas/7758987,4.964840016314044
538,https://cfpub.epa.gov/ecotox/taxon/5156,https://cfpub.epa.gov/ecotox/cas/7761888,5.925939171766011
539,https://cfpub.epa.gov/ecotox/taxon/5156,https://cfpub.epa.gov/ecotox/cas/7778430,3.4911024407295947
540,https://cfpub.epa.gov/ecotox/taxon/5156,https://cfpub.epa.gov/ecotox/cas/7786814,4.0692680981983935
541,https://cfpub.epa.gov/ecotox/taxon/5156,https://cfpub.epa.gov/ecotox/cas/7789006,1.6172154715188105
542,https://cfpub.epa.gov/ecotox/taxon/5156,https://cfpub.epa.gov/ecotox/cas/85007,2.0341807531158516
543,https://cfpub.epa.gov/ecotox/taxon/52,https://cfpub.epa.gov/ecotox/cas/10102064,3.683916320255869
544,https://cfpub.epa.gov/ecotox/taxon/52,https://cfpub.epa.gov/ecotox/cas/7446186,4.571290920872599
545,https://cfpub.epa.gov/ecotox/taxon/52,https://cfpub.epa.gov/ecotox/cas/7631950,2.4479631616479693
546,https://cfpub.epa.gov/ecotox/taxon/52,https://cfpub.epa.gov/ecotox/cas/7647145,1.6226128406928337
547,https://cfpub.epa.gov/ecotox/taxon/52,https://cfpub.epa.gov/ecotox/cas/7718549,4.2144702078660945
548,https://cfpub.epa.gov/ecotox/taxon/52,https://cfpub.epa.gov/ecotox/cas/7757826,1.760966469026978
549,https://cfpub.epa.gov/ecotox/taxon/52,https://cfpub.epa.gov/ecotox/cas/7758987,5.474382212629186
550,https://cfpub.epa.gov/ecotox/taxon/52,https://cfpub.epa.gov/ecotox/cas/7784465,3.9094931636404957
551,https://cfpub.epa.gov/ecotox/taxon/532,https://cfpub.epa.gov/ecotox/cas/7647145,1.0112261956872661
552,https://cfpub.epa.gov/ecotox/taxon/5335,https://cfpub.epa.gov/ecotox/cas/7733020,4.199475134480402
553,https://cfpub.epa.gov/ecotox/taxon/5335,https://cfpub.epa.gov/ecotox/cas/7758954,5.6217423456734785
554,https://cfpub.epa.gov/ecotox/taxon/5363,https://cfpub.epa.gov/ecotox/cas/7733020,4.790496744181794
555,https://cfpub.epa.gov/ecotox/taxon/5387,https://cfpub.epa.gov/ecotox/cas/7758987,4.293499385818988
556,https://cfpub.epa.gov/ecotox/taxon/5488,https://cfpub.epa.gov/ecotox/cas/13410010,2.5882739941015167
557,https://cfpub.epa.gov/ecotox/taxon/5593,https://cfpub.epa.gov/ecotox/cas/7758987,2.318861343864757
558,https://cfpub.epa.gov/ecotox/taxon/5611,https://cfpub.epa.gov/ecotox/cas/7758987,6.201071964617539
559,https://cfpub.epa.gov/ecotox/taxon/5686,https://cfpub.epa.gov/ecotox/cas/85007,4.597256737505499
560,https://cfpub.epa.gov/ecotox/taxon/57,https://cfpub.epa.gov/ecotox/cas/10108642,2.613164359689956
561,https://cfpub.epa.gov/ecotox/taxon/572,https://cfpub.epa.gov/ecotox/cas/10108642,1.481101387776978
562,https://cfpub.epa.gov/ecotox/taxon/572,https://cfpub.epa.gov/ecotox/cas/7646857,1.1344060847995618
563,https://cfpub.epa.gov/ecotox/taxon/572,https://cfpub.epa.gov/ecotox/cas/7758987,1.4252080358496824
564,https://cfpub.epa.gov/ecotox/taxon/5737,https://cfpub.epa.gov/ecotox/cas/7758987,4.161481341593727
565,https://cfpub.epa.gov/ecotox/taxon/575,https://cfpub.epa.gov/ecotox/cas/10108642,6.361352386696156
566,https://cfpub.epa.gov/ecotox/taxon/575,https://cfpub.epa.gov/ecotox/cas/7646857,6.728733522154479
567,https://cfpub.epa.gov/ecotox/taxon/575,https://cfpub.epa.gov/ecotox/cas/7758954,6.744940420705477
568,https://cfpub.epa.gov/ecotox/taxon/586,https://cfpub.epa.gov/ecotox/cas/10099748,3.0213882069825417
569,https://cfpub.epa.gov/ecotox/taxon/586,https://cfpub.epa.gov/ecotox/cas/10108642,2.861321852512282
570,https://cfpub.epa.gov/ecotox/taxon/586,https://cfpub.epa.gov/ecotox/cas/7447394,3.4244471248570494
571,https://cfpub.epa.gov/ecotox/taxon/586,https://cfpub.epa.gov/ecotox/cas/7733020,2.5899546863869762
572,https://cfpub.epa.gov/ecotox/taxon/5872,https://cfpub.epa.gov/ecotox/cas/7447394,3.555215405126073
573,https://cfpub.epa.gov/ecotox/taxon/5880,https://cfpub.epa.gov/ecotox/cas/7733020,3.3205157319442797
574,https://cfpub.epa.gov/ecotox/taxon/5893,https://cfpub.epa.gov/ecotox/cas/10043013,4.042433572891717
575,https://cfpub.epa.gov/ecotox/taxon/5893,https://cfpub.epa.gov/ecotox/cas/10108642,4.559177511370696
576,https://cfpub.epa.gov/ecotox/taxon/5893,https://cfpub.epa.gov/ecotox/cas/7705080,3.4433035004415986
577,https://cfpub.epa.gov/ecotox/taxon/5893,https://cfpub.epa.gov/ecotox/cas/7758987,4.611792743381572
578,https://cfpub.epa.gov/ecotox/taxon/5893,https://cfpub.epa.gov/ecotox/cas/7785877,3.4710902824402328
579,https://cfpub.epa.gov/ecotox/taxon/5894,https://cfpub.epa.gov/ecotox/cas/153719234,6.3811364035298315
580,https://cfpub.epa.gov/ecotox/taxon/5894,https://cfpub.epa.gov/ecotox/cas/168316958,6.708464229198648
581,https://cfpub.epa.gov/ecotox/taxon/5899,https://cfpub.epa.gov/ecotox/cas/7487947,3.8504680804637146
582,https://cfpub.epa.gov/ecotox/taxon/5899,https://cfpub.epa.gov/ecotox/cas/7733020,2.847118449357933
583,https://cfpub.epa.gov/ecotox/taxon/5899,https://cfpub.epa.gov/ecotox/cas/7758987,5.7778260906807315
584,https://cfpub.epa.gov/ecotox/taxon/5899,https://cfpub.epa.gov/ecotox/cas/7778509,3.947315535703418
585,https://cfpub.epa.gov/ecotox/taxon/5940,https://cfpub.epa.gov/ecotox/cas/12125029,1.724302311593796
586,https://cfpub.epa.gov/ecotox/taxon/5947,https://cfpub.epa.gov/ecotox/cas/153719234,3.442732474776343
587,https://cfpub.epa.gov/ecotox/taxon/6038,https://cfpub.epa.gov/ecotox/cas/1314132,2.9732585951492023
588,https://cfpub.epa.gov/ecotox/taxon/6038,https://cfpub.epa.gov/ecotox/cas/7733020,3.146891656926573
589,https://cfpub.epa.gov/ecotox/taxon/6038,https://cfpub.epa.gov/ecotox/cas/7758987,5.315645958796468
590,https://cfpub.epa.gov/ecotox/taxon/6054,https://cfpub.epa.gov/ecotox/cas/7447407,6.111279407777533
591,https://cfpub.epa.gov/ecotox/taxon/6082,https://cfpub.epa.gov/ecotox/cas/7632000,2.9533140129528146
592,https://cfpub.epa.gov/ecotox/taxon/6082,https://cfpub.epa.gov/ecotox/cas/7646799,3.110155198525231
593,https://cfpub.epa.gov/ecotox/taxon/6082,https://cfpub.epa.gov/ecotox/cas/7681529,3.0981096573053284
594,https://cfpub.epa.gov/ecotox/taxon/6082,https://cfpub.epa.gov/ecotox/cas/7718549,3.6016288758626263
595,https://cfpub.epa.gov/ecotox/taxon/6082,https://cfpub.epa.gov/ecotox/cas/7733020,3.6986465299431392
596,https://cfpub.epa.gov/ecotox/taxon/6082,https://cfpub.epa.gov/ecotox/cas/7758023,3.071447657634495
597,https://cfpub.epa.gov/ecotox/taxon/6082,https://cfpub.epa.gov/ecotox/cas/7758987,3.6959219862976336
598,https://cfpub.epa.gov/ecotox/taxon/6082,https://cfpub.epa.gov/ecotox/cas/7778509,3.962861899962625
599,https://cfpub.epa.gov/ecotox/taxon/6082,https://cfpub.epa.gov/ecotox/cas/7783202,3.1206397284155662
600,https://cfpub.epa.gov/ecotox/taxon/6082,https://cfpub.epa.gov/ecotox/cas/7787475,2.897352134344313
601,https://cfpub.epa.gov/ecotox/taxon/609,https://cfpub.epa.gov/ecotox/cas/7447407,6.322226867878171
602,https://cfpub.epa.gov/ecotox/taxon/6108,https://cfpub.epa.gov/ecotox/cas/153719234,5.624443726472083
603,https://cfpub.epa.gov/ecotox/taxon/6108,https://cfpub.epa.gov/ecotox/cas/7487947,6.832361994136493
604,https://cfpub.epa.gov/ecotox/taxon/6108,https://cfpub.epa.gov/ecotox/cas/7647145,1.6529432579303553
605,https://cfpub.epa.gov/ecotox/taxon/614,https://cfpub.epa.gov/ecotox/cas/7758987,6.48506862098274
606,https://cfpub.epa.gov/ecotox/taxon/619,https://cfpub.epa.gov/ecotox/cas/7733020,3.5180547696607816
607,https://cfpub.epa.gov/ecotox/taxon/637,https://cfpub.epa.gov/ecotox/cas/7447407,6.444102856591973
608,https://cfpub.epa.gov/ecotox/taxon/637,https://cfpub.epa.gov/ecotox/cas/7647145,1.4775635747232396
609,https://cfpub.epa.gov/ecotox/taxon/640,https://cfpub.epa.gov/ecotox/cas/10025919,2.943810047422641
610,https://cfpub.epa.gov/ecotox/taxon/640,https://cfpub.epa.gov/ecotox/cas/107642,3.547523019914841
611,https://cfpub.epa.gov/ecotox/taxon/640,https://cfpub.epa.gov/ecotox/cas/7601890,1.5167651579276131
612,https://cfpub.epa.gov/ecotox/taxon/640,https://cfpub.epa.gov/ecotox/cas/7632000,2.8387400187738865
613,https://cfpub.epa.gov/ecotox/taxon/640,https://cfpub.epa.gov/ecotox/cas/7646799,3.110155198525231
614,https://cfpub.epa.gov/ecotox/taxon/640,https://cfpub.epa.gov/ecotox/cas/7647145,-0.9738871843730429
615,https://cfpub.epa.gov/ecotox/taxon/640,https://cfpub.epa.gov/ecotox/cas/7681529,3.3638116906275664
616,https://cfpub.epa.gov/ecotox/taxon/640,https://cfpub.epa.gov/ecotox/cas/7718549,3.513583246334786
617,https://cfpub.epa.gov/ecotox/taxon/640,https://cfpub.epa.gov/ecotox/cas/7733020,3.6986465299431392
618,https://cfpub.epa.gov/ecotox/taxon/640,https://cfpub.epa.gov/ecotox/cas/7758023,3.071447657634495
619,https://cfpub.epa.gov/ecotox/taxon/640,https://cfpub.epa.gov/ecotox/cas/7758987,3.6959219862976336
620,https://cfpub.epa.gov/ecotox/taxon/640,https://cfpub.epa.gov/ecotox/cas/7778509,3.962861899962625
621,https://cfpub.epa.gov/ecotox/taxon/640,https://cfpub.epa.gov/ecotox/cas/7783202,3.1206397284155662
622,https://cfpub.epa.gov/ecotox/taxon/640,https://cfpub.epa.gov/ecotox/cas/7787475,2.897352134344313
623,https://cfpub.epa.gov/ecotox/taxon/648,https://cfpub.epa.gov/ecotox/cas/1332656,4.348878512538015
624,https://cfpub.epa.gov/ecotox/taxon/648,https://cfpub.epa.gov/ecotox/cas/7733020,4.623620326478205
625,https://cfpub.epa.gov/ecotox/taxon/674,https://cfpub.epa.gov/ecotox/cas/7733020,3.366208070027534
626,https://cfpub.epa.gov/ecotox/taxon/680,https://cfpub.epa.gov/ecotox/cas/7733020,3.366208070027534
627,https://cfpub.epa.gov/ecotox/taxon/695,https://cfpub.epa.gov/ecotox/cas/10025919,2.943810047422641
628,https://cfpub.epa.gov/ecotox/taxon/7,https://cfpub.epa.gov/ecotox/cas/7632000,3.3335900404539807
629,https://cfpub.epa.gov/ecotox/taxon/7,https://cfpub.epa.gov/ecotox/cas/7646799,3.110155198525231
630,https://cfpub.epa.gov/ecotox/taxon/7,https://cfpub.epa.gov/ecotox/cas/7681529,3.26690167761951
631,https://cfpub.epa.gov/ecotox/taxon/7,https://cfpub.epa.gov/ecotox/cas/7718549,3.1067788541825325
632,https://cfpub.epa.gov/ecotox/taxon/7,https://cfpub.epa.gov/ecotox/cas/7733020,3.8058564995910076
633,https://cfpub.epa.gov/ecotox/taxon/7,https://cfpub.epa.gov/ecotox/cas/7758023,3.071447657634495
634,https://cfpub.epa.gov/ecotox/taxon/7,https://cfpub.epa.gov/ecotox/cas/7758987,3.6100073575910403
635,https://cfpub.epa.gov/ecotox/taxon/7,https://cfpub.epa.gov/ecotox/cas/7778509,3.962861899962625
636,https://cfpub.epa.gov/ecotox/taxon/7,https://cfpub.epa.gov/ecotox/cas/7783202,3.1206397284155662
637,https://cfpub.epa.gov/ecotox/taxon/7,https://cfpub.epa.gov/ecotox/cas/7787475,3.126500122702169
638,https://cfpub.epa.gov/ecotox/taxon/70,https://cfpub.epa.gov/ecotox/cas/1314621,4.055621980209867
639,https://cfpub.epa.gov/ecotox/taxon/70,https://cfpub.epa.gov/ecotox/cas/7758987,4.159679279459314
640,https://cfpub.epa.gov/ecotox/taxon/71,https://cfpub.epa.gov/ecotox/cas/10099748,2.66798575974908
641,https://cfpub.epa.gov/ecotox/taxon/71,https://cfpub.epa.gov/ecotox/cas/10108642,2.557724591351341
642,https://cfpub.epa.gov/ecotox/taxon/71,https://cfpub.epa.gov/ecotox/cas/7447394,2.68566656637268
643,https://cfpub.epa.gov/ecotox/taxon/71,https://cfpub.epa.gov/ecotox/cas/7733020,2.3156170143447206
644,https://cfpub.epa.gov/ecotox/taxon/7314,https://cfpub.epa.gov/ecotox/cas/10025919,1.76403162462831
645,https://cfpub.epa.gov/ecotox/taxon/753,https://cfpub.epa.gov/ecotox/cas/7758987,6.232589016063605
646,https://cfpub.epa.gov/ecotox/taxon/765,https://cfpub.epa.gov/ecotox/cas/7647145,0.16919271304900696
647,https://cfpub.epa.gov/ecotox/taxon/8,https://cfpub.epa.gov/ecotox/cas/10102064,4.205778383003219
648,https://cfpub.epa.gov/ecotox/taxon/8,https://cfpub.epa.gov/ecotox/cas/10108642,6.963412378024119
649,https://cfpub.epa.gov/ecotox/taxon/8,https://cfpub.epa.gov/ecotox/cas/7647145,1.4790139181851707
650,https://cfpub.epa.gov/ecotox/taxon/801,https://cfpub.epa.gov/ecotox/cas/7758987,5.489954380137303
651,https://cfpub.epa.gov/ecotox/taxon/81,https://cfpub.epa.gov/ecotox/cas/10108642,3.160638652732143
652,https://cfpub.epa.gov/ecotox/taxon/81,https://cfpub.epa.gov/ecotox/cas/7446700,2.643084027779965
653,https://cfpub.epa.gov/ecotox/taxon/81,https://cfpub.epa.gov/ecotox/cas/7733020,2.690578908195106
654,https://cfpub.epa.gov/ecotox/taxon/81,https://cfpub.epa.gov/ecotox/cas/7758987,4.900041968953558
655,https://cfpub.epa.gov/ecotox/taxon/812,https://cfpub.epa.gov/ecotox/cas/1332656,3.6925313116780902
656,https://cfpub.epa.gov/ecotox/taxon/812,https://cfpub.epa.gov/ecotox/cas/7647145,-1.0037446132641477
657,https://cfpub.epa.gov/ecotox/taxon/812,https://cfpub.epa.gov/ecotox/cas/7758987,6.4343130336090555
658,https://cfpub.epa.gov/ecotox/taxon/85,https://cfpub.epa.gov/ecotox/cas/7601890,1.1776540486640092
659,https://cfpub.epa.gov/ecotox/taxon/85,https://cfpub.epa.gov/ecotox/cas/7758987,4.14550252455655
660,https://cfpub.epa.gov/ecotox/taxon/86,https://cfpub.epa.gov/ecotox/cas/12125029,1.7690957740518545
661,https://cfpub.epa.gov/ecotox/taxon/89,https://cfpub.epa.gov/ecotox/cas/85007,4.118948322500259
662,https://cfpub.epa.gov/ecotox/taxon/964,https://cfpub.epa.gov/ecotox/cas/10108642,0.9376355996196619
663,https://cfpub.epa.gov/ecotox/taxon/964,https://cfpub.epa.gov/ecotox/cas/107642,2.8172347304254983
664,https://cfpub.epa.gov/ecotox/taxon/97,https://cfpub.epa.gov/ecotox/cas/13721396,2.7962178674543408
665,https://cfpub.epa.gov/ecotox/taxon/971,https://cfpub.epa.gov/ecotox/cas/7647145,0.6919018653310388
